# 拼音检索表。由 Tools/make_pinyin_table.swift 从前 1,000 座城市的中文名生成：
# 拼音（无声调、无空格）	首字母	城市主名	国家码	中文名
# 拼音来自系统 ICU 的中文转写（kCFStringTransformMandarinLatin + StripDiacritics），与 App 用的是同一套数据。
# 这是查询侧的封闭表：只决定「输入 bj 或 beijing 时该找哪座城」，不改索引、不改显示名。
aba	ab	Aba	NG	阿巴
abeiaokuta	abakt	Abeokuta	NG	阿贝奥库塔
abirang	abr	Abidjan	CI	阿比让
abujia	abj	Abuja	NG	阿布贾
abuzhabi	abzb	Abu Dhabi	AE	阿布扎比
adana	adn	Adana	TR	阿达纳
adelaide	adld	Adelaide	AU	阿德莱德
adisiabeiba	adsabb	Addis Ababa	ET	阿迪斯阿貝巴
aerjier	aeje	Algiers	DZ	阿爾及爾
agela	agl	Agra	IN	阿格拉
aguasikaliantesi	agsklts	Aguascalientes	MX	阿瓜斯卡连特斯
aidemengdun	admd	Edmonton	CA	埃德蒙顿
aierbileisheng	aebls	Erbil	IQ	埃爾比勒省
aierpasuo	aeps	El Paso	US	艾爾帕索
aierzulumu	aezlm	Erzurum	TR	埃尔祖鲁姆
aihamaidabade	ahmdbd	Ahmedabad	IN	艾哈迈达巴德
aimoxiyue	amxy	Hermosillo	MX	埃莫西约
ainugu	ang	Enugu	NG	埃努古
aisen	as	Essen	DE	埃森
aisijixiexier	asjxxe	Eskişehir	TR	埃斯基谢希尔
aiyin	ay	Al Ain City	AE	艾因
ajiadier	ajde	Agadir	MA	阿加迪尔
akapuerke	akpek	Acapulco de Juárez	MX	阿卡普尔科
akela	akl	Accra	GH	阿克拉
akulei	akl	Akure	NG	阿庫雷
alakaru	alkr	Aracaju	BR	阿拉卡茹
alamutu	almt	Almaty	KZ	阿拉木圖
aleigeligang	alglg	Porto Alegre	BR	阿雷格里港
aleijipa	aljp	Arequipa	PE	阿雷基帕
aleipo	alp	Aleppo	SY	阿勒颇
alusha	als	Arusha	TZ	阿鲁沙
amulize	amlz	Amritsar	IN	阿姆利则
amusitedan	amstd	Amsterdam	NL	阿姆斯特丹
anjiyan	ajy	Andijon	UZ	安集延
ankala	akl	Ankara	TR	安卡拉
ankang	ak	Ankang	CN	安康
anlaabade	alabd	Prayagraj	IN	安拉阿巴德
anman	am	Amman	JO	安曼
anqing	aq	Anqing	CN	安庆
anshan	as	Ansan-si	KR	安山
anshanshi	ass	Anshan	CN	鞍山市
anshunshi	ass	Anshun	CN	安顺市
antaliya	atly	Antalya	TR	安塔利亚
anyangshi	ays	Anyang	CN	安阳市
aodesa	ads	Odesa	UA	敖德薩
aokelahemashi	aklhms	Oklahoma City	US	奧克拉荷馬市
aokelandouhuiqu	akldhq	Auckland	NZ	奧克蘭都會區
aomen	am	Macau	MO	澳门
aonicha	anc	Onitsha	NG	奧尼查
aosilu	asl	Oslo	NO	奥斯陆
aositing	ast	Austin	US	奧斯汀
ashenhabade	ashbd	Ashgabat	TM	阿什哈巴德
awashi	aws	Ahvaz	IR	阿瓦士
badalingzaiye	bdlzy	Petaling Jaya	MY	八打灵再也
badandao	bdd	Batam	ID	巴淡島
badong	bd	Padang	ID	巴東
baernaoer	bene	Barnaul	RU	巴尔瑙尔
bafunajiaer	bfnje	Bhavnagar	IN	巴夫那加尔
bageda	bgd	Baghdad	IQ	巴格达
baicheng	bc	Baise	CN	百城
bailin	bl	Berlin	DE	柏林
baishawa	bsw	Peshawar	PK	白沙瓦
bajiximeituo	bjxmt	Barquisimeto	VE	巴基西梅托
baku	bk	Baku	AZ	巴库
balanjiya	bljy	Barranquilla	CO	巴兰基亚
baleili	bll	Bareilly	IN	巴雷利
baleimoshi	blms	Palermo	IT	巴勒莫市
bali	bl	Paris	FR	巴黎
balibaban	blbb	Balikpapan	ID	巴厘巴板
balunxiya	blxy	Valencia	ES	巴倫西亞
balunxiya	blxy	Valencia	VE	巴伦西亚
baluoda	bld	Vadodara	IN	巴罗达
bamake	bmk	Bamako	ML	巴馬科
bandananbang	bdnb	Bandar Lampung	ID	班達楠榜
bangbu	bb	Bengbu	CN	蚌埠
banji	bj	Bangui	CF	班基
banjialuoer	bjle	Bengaluru	IN	班加羅爾
banjiaxi	bjx	Benghazi	LY	班加西
baoding	bd	Baoding	CN	保定
baojishi	bjs	Baoji	CN	宝鸡市
baoliwali	blwl	Borivli	IN	包里瓦利
baoqi	bq	Bauchi	NG	包奇
baoshan	bs	Baoshan	CN	宝山
baoshanshi	bss	Baoshan	CN	保山市
baotou	bt	Baotou	CN	包头
basailuona	bsln	Barcelona	ES	巴塞罗那
basailuona	bsln	Barcelona	VE	巴塞羅那
bashila	bsl	Basrah	IQ	巴士拉
batena	btn	Patna	IN	巴特那
baxiliya	bxly	Brasília	BR	巴西利亚
bayannaoershi	bynes	Bayan Nur	CN	巴彦淖尔市
bazhong	bz	Bazhong	CN	巴中
beiergelaide	begld	Belgrade	RS	贝尔格莱德
beiganbalu	bgbl	Pekanbaru	ID	北干巴魯
beijing	bj	Beijing	CN	北京
beijiuzhoushi	bjzs	Kitakyushu	JP	北九州市
beila	bl	Beira	MZ	贝拉
beilun	bl	Belém	BR	贝伦
beiluoaolicangte	blalct	Belo Horizonte	BR	贝洛奥里藏特
beilute	blt	Beirut	LB	贝鲁特
beiningcheng	bnc	Benin City	NG	贝宁城
bendezhili	bdzl	Puducherry	IN	本地治里
benxishi	bxs	Benxi	CN	本溪市
bidemalicibao	bdmlcb	Pietermaritzburg	ZA	彼得马里茨堡
biermu	bem	Perm	RU	彼尔姆
bijie	bj	Bijie	CN	毕节
bilai	bl	Bhilai	IN	比萊
bileituoliya	bltly	Pretoria	ZA	比勒陀利亞
binbulijinjiewode	bbljjwd	Pimpri-Chinchwad	IN	賓布里金傑沃德
binsongshi	bss	Hamamatsu	JP	滨松市
binzhoushi	bzs	Binzhou	CN	滨州市
bishenkaike	bskk	Bishkek	KG	比什凯克
biyanuaiwa	bynaw	Villa Nueva	GT	比亞努埃瓦
bobodiwulasuo	bbdwls	Bobo-Dioulasso	BF	博博迪乌拉索
bogeda	bgd	Bogotá	CO	波哥大
bokela	bkl	Pokhara	NP	博克拉
bolama	blm	Borama	SO	博拉马
boli	bl	Khabarovsk	RU	伯力
bominghan	bmh	Birmingham	GB	伯明翰
bonuoni	bnn	Benoni	ZA	伯诺尼
bopaer	bpe	Bhopal	IN	博帕尔
boshidun	bsd	Boston	US	波士顿
botelan	btl	Portland	US	波特蘭
bozhou	bz	Bozhou	CN	亳州
budapeisi	bdps	Budapest	HU	布达佩斯
buersa	bes	Bursa	TR	布尔萨
bujialeisite	bjlst	Bucharest	RO	布加勒斯特
bulachaiweier	blcwe	Brazzaville	CG	布拉柴维尔
bulage	blg	Prague	CZ	布拉格
bulanpudun	blpd	Brampton	CA	布兰普顿
bulantaier	blte	Blantyre	MW	布兰太尔
bulawayue	blwy	Bulawayo	ZW	布拉瓦约
bulisiban	blsb	Brisbane	AU	布里斯班
bulukelinqu	blklq	Brooklyn	US	布鲁克林区
bulusaier	blse	Brussels	BE	布鲁塞尔
buqiongbula	bqbl	Bujumbura	BI	布琼布拉
buwakai	bwk	Bouaké	CI	布瓦凯
buyinuosiailisi	bynsals	Buenos Aires	AR	布宜诺斯艾利斯
changde	cd	Changde	CN	常德
changdijiaer	cdje	Chandigarh	IN	昌迪加尔
changyuanshi	cys	Changwon	KR	昌原市
changzhou	cz	Changzhou	CN	常州
chaozhou	cz	Chaozhou	CN	潮州
cheliyabinsike	clybsk	Chelyabinsk	RU	車里雅賓斯克
chengdeshi	cds	Chengde	CN	承德市
chengdou	cd	Chengdu	CN	成都
chengjiang	cj	Jiangyin	CN	澄江
chenzhou	cz	Chenzhou	CN	郴州
chizhou	cz	Chizhou	CN	池州
chongming	cm	Chongming	CN	崇明
chongqing	cq	Chongqing	CN	重庆
chuankoushi	cks	Kawaguchi	JP	川口市
chuanqiaoshi	cqs	Honchō	JP	船橋市
chuanqishi	cqs	Kawasaki	JP	川崎市
chuzhou	cz	Chuzhou	CN	滁州
cixi	cx	Cixi	CN	慈溪
dabanshi	dbs	Osaka	JP	大阪市
dabulishi	dbls	Tabriz	IR	大不里士
daka	dk	Dhaka	BD	达卡
dakaer	dke	Dakar	SN	達喀爾
dalasi	dls	Dallas	US	達拉斯
daleisisalamu	dlsslm	Dar es Salaam	TZ	达累斯萨拉姆
dalian	dl	Dalian	CN	大连
daman	dm	Dammam	SA	达曼
damashige	dmsg	Damascus	SY	大马士革
dandongshi	dds	Dandong	CN	丹东市
danfu	df	Denver	US	丹佛
danpasha	dps	Denpasar	ID	丹帕沙
daqing	dq	Daqing	CN	大庆
daqiuguangyushi	dqgys	Daegu	KR	大邱廣域市
datianguangyushi	dtgys	Daejeon	KR	大田广域市
datongshi	dts	Datong	CN	大同市
dawoshi	dws	Davao	PH	达沃市
dazhou	dz	Dazhou	CN	达州
deban	db	Durban	ZA	德班
debo	db	Depok	ID	德博
degusijiaba	dgsjb	Tegucigalpa	HN	德古斯加巴
deheilan	dhl	Tehran	IR	德黑兰
deli	dl	Delhi	IN	德里
deliboli	dlbl	Tripoli	LY	的黎波里
deyangshi	dys	Deyang	CN	德阳市
dezhou	dz	Dezhou	CN	德州
dibai	db	Dubai	AE	迪拜
dibilisi	dbls	Tbilisi	GE	第比利斯
dihuana	dhn	Tijuana	MX	蒂華納
dilujilapali	dljlpl	Tiruchirappalli	IN	蒂魯吉拉帕利
diluneierweili	dlnewl	Tirunelveli	IN	蒂魯內爾維利
dilupu	dlp	Tiruppur	IN	蒂魯普
ditelu	dtl	Detroit	US	底特律
diyabakeer	dybke	Diyarbakır	TR	迪亚巴克尔
dongbifuli	dbfl	Dombivali	IN	東比夫里
dongguan	dg	Dongguan	CN	东莞
dongjing	dj	Tokyo	JP	東京
dongyingshi	dys	Dongying	CN	东营市
doubailin	dbl	Dublin	IE	都柏林
douling	dl	Turin	IT	都灵
duala	dal	Douala	CM	杜阿拉
dunhepanluosituofu	dhplstf	Rostov-on-Don	RU	顿河畔罗斯托夫
dunniecike	dnck	Donetsk	UA	頓涅茨克
duoduoma	ddm	Dodoma	TZ	多多马
duolunduo	dld	Toronto	CA	多伦多
dusaierduofu	dsedf	Düsseldorf	DE	杜塞尔多夫
dushangbie	dsb	Dushanbe	TJ	杜尚别
eerduosishi	eedss	Ordos	CN	鄂尔多斯市
emusike	emsk	Omsk	RU	鄂木斯克
enduola	edl	Ndola	ZM	恩多拉
enjiameina	ejmn	N'Djamena	TD	恩賈梅納
entuman	etm	Omdurman	SD	恩图曼
ezhoushi	ezs	E’zhou	CN	鄂州市
falankefu	flkf	Frankfurt am Main	DE	法兰克福
feicheng	fc	Philadelphia	US	費城
feiladishenganna	fldsan	Feira de Santana	BR	費拉迪聖安娜
fenghuangcheng	fhc	Phoenix	US	凤凰城
fengxian	fx	Fengxiang	CN	奉贤
fuerjiagelei	fejgl	Volgograd	RU	伏尔加格勒
fugangshi	fgs	Fukuoka	JP	福岡市
fuluociwafu	flcwf	Wrocław	PL	弗罗茨瓦夫
fushan	fs	Busan	KR	釜山
fushan	fs	Foshan	CN	佛山
fushunshi	fss	Fushun	CN	抚顺市
futaleisa	ftls	Fortaleza	BR	福塔雷萨
fuxinshi	fxs	Fuxin	CN	阜新市
fuyangshi	fys	Fuyang	CN	阜阳市
fuzhou	fz	Fuzhou	CN	抚州
fuzhou	fz	Fuzhou	CN	福州
ganzhou	gz	Ganzhou	CN	赣州
gaoxiong	gx	Kaohsiung	TW	高雄
gebenhagen	gbhg	Copenhagen	DK	哥本哈根
gedebao	gdb	Gothenburg	SE	哥德堡
gelandeying	gldy	Campo Grande	BR	格蘭德營
gelasige	glsg	Glasgow	GB	格拉斯哥
geleikebuer	glkbe	Gorakhpur	IN	戈勒克布爾
gelunbu	glb	Columbus	US	哥伦布
geyaniya	gyny	Goiânia	BR	戈亚尼亚
geyinbaituo	gybt	Coimbatore	IN	哥印拜陀
gongtuer	gte	Guntur	IN	贡土尔
guadalahala	gdlhl	Guadalajara	MX	瓜达拉哈拉
guademalashi	gdmls	Guatemala City	GT	瓜地馬拉市
guanganshi	gas	Guang’an	CN	广安市
guangdaoshi	gds	Hiroshima	JP	廣島市
guangzhou	gz	Guangzhou	CN	广州
guangzhou	gz	Gwangju	KR	光州
guayajier	gyje	Guayaquil	EC	瓜亞基爾
guergang	geg	Gurugram	IN	古爾岡
guigang	gg	Guigang	CN	贵港
guilinshi	gls	Guilin	CN	桂林市
guiyanacheng	gync	Ciudad Guayana	VE	圭亞那城
guiyang	gy	Guiyang	CN	贵阳
gujielanwala	gjlwl	Gujranwala	PK	古杰兰瓦拉
guwahati	gwht	Guwahati	IN	古瓦哈提
haerbin	heb	Harbin	CN	哈尔滨
haerkefu	hekf	Kharkiv	UA	哈爾科夫
haicanwai	hcw	Vladivostok	RU	海参崴
haidelaba	hdlb	Hyderabad	IN	海得拉巴
haidelaba	hdlb	Hyderabad	PK	海得拉巴
haifangshi	hfs	Haiphong	VN	海防市
haikou	hk	Haikou	CN	海口
haketegang	hktg	Port Harcourt	NG	哈科特港
halalei	hll	Harare	ZW	哈拉雷
hanbao	hb	Hamburg	DE	汉堡
handan	hd	Handan	CN	邯郸
hangzhou	hz	Hangzhou	CN	杭州
hanzhongshi	hzs	Hanzhong	CN	汉中市
hawana	hwn	Havana	CU	哈瓦那
hebi	hb	Hebi	CN	鹤壁
heerxinji	hexj	Helsinki	FI	赫尔辛基
hefei	hf	Hefei	CN	合肥
hegang	hg	Hegang	CN	鹤岗
heneishi	hns	Hanoi	VN	河內市
hengbinshi	hbs	Yokohama	JP	横滨市
hengyangshi	hys	Hengyang	CN	衡阳市
heshan	hs	Heshan	CN	赫山
heze	hz	Heze	CN	菏泽
hezhoushi	hzs	Hezhou	CN	贺州市
hongkou	hk	Hongkou	CN	虹口
huachengshi	hcs	Hwaseong-si	KR	華城市
huaian	ha	Huai'an	CN	淮安
huaibei	hb	Huaibei	CN	淮北
huainanshi	hns	Huainan	CN	淮南市
hualeisicheng	hlsc	Ciudad Juárez	MX	華雷斯城
huangjinhaian	hjha	Gold Coast	AU	黃金海岸
huangpu	hp	Huangpu	CN	黄浦
huangshi	hs	Huangshi	CN	黄石
huasha	hs	Warsaw	PL	华沙
huashengduntequ	hsdtq	Washington	US	华盛顿特区
huhehaote	hhht	Hohhot	CN	呼和浩特
huizhou	hz	Huizhou	CN	惠州
huludao	hld	Huludao	CN	葫芦岛
huomusi	hms	Homs	SY	霍姆斯
huzhimingshi	hzms	Ho Chi Minh City	VN	胡志明市
huzhou	hz	Huzhou	CN	湖州
jiabaerpuer	jbepe	Jabalpur	IN	贾巴尔普尔
jiademandou	jdmd	Kathmandu	NP	加德滿都
jiading	jd	Jiading	CN	嘉定
jiaergeda	jegd	Kolkata	IN	加尔各答
jiajiabade	jjabd	Ghāziābād	IN	加濟阿巴德
jiajiantaipu	jjatp	Gaziantep	TR	加濟安泰普
jialangdaer	jlde	Jalandhar	IN	賈朗達爾
jialuokan	jlk	Caloocan	PH	加洛坎
jiamunegeer	jmnge	Jamnagar	IN	贾姆讷格尔
jiamuxiedebuer	jmxdbe	Jamshedpur	IN	贾姆谢德布尔
jiangguanchi	jgc	Xuchang	CN	将官池
jiangmen	jm	Jiangmen	CN	江门
jiaojiangcun	jjc	Jiaojiang	CN	椒江村
jiaotebuer	jtbe	Jodhpur	IN	焦特布尔
jiaozuo	jz	Jiaozuo	CN	焦作
jiaxing	jx	Jiaxing	CN	嘉兴
jibudeshi	jbds	Djibouti	DJ	吉布地市
jida	jd	Jeddah	SA	吉达
jidagangshi	jdgs	Chattogram	BD	吉大港市
jiduo	jd	Quito	EC	基多
jiekexunweier	jkxwe	Jacksonville	US	杰克逊维尔
jierkuke	jekk	Kirkuk	IQ	基爾庫克
jieshi	js	Sakai	JP	堺市
jieyang	jy	Jieyang	CN	揭阳
jifu	jf	Kyiv	UA	基輔
jijiali	jjl	Kigali	RW	吉佳利
jilin	jl	Jilin	CN	吉林
jilongpo	jlp	Kuala Lumpur	MY	吉隆坡
jinan	jn	Jinan	CN	济南
jinbian	jb	Phnom Penh	KH	金边
jingan	ja	Jing’an	CN	静安
jingdou	jd	Kyoto	JP	京都
jinggangshi	jgs	Shizuoka	JP	靜岡市
jingmenshi	jms	Jingmen	CN	荆门市
jingsidun	jsd	Kingston	JM	京斯敦
jingzhoushi	jzs	Jingzhou	CN	荆州市
jinhua	jh	Jinhua	CN	金华
jining	jn	Jining	CN	济宁
jinjiang	jj	Jinjiang	CN	晋江
jinnai	jn	Chennai	IN	金奈
jinshan	js	Jinshan	CN	金山
jinxiasha	jxs	Kinshasa	CD	金夏沙
jinzhongshi	jzs	Jinzhong	CN	晋中市
jinzhoushi	jzs	Jinzhou	CN	锦州市
jisangjiani	jsjn	Kisangani	CD	基桑加尼
jitewei	jtw	Kitwe	ZM	基特韦
jiujiangshi	jjs	Jiujiang	CN	九江市
jiujinshan	jjs	San Francisco	US	旧金山
jiulong	jl	Kowloon	HK	九龍
jixinewu	jxnw	Chisinau	MD	基希讷乌
jugang	jg	Palembang	ID	巨港
kabuer	kbe	Kabul	AF	喀布尔
kaduna	kdn	Kaduna	NG	卡杜納
kaerbala	kebl	Karbala	IQ	卡爾巴拉
kaerjiali	kejl	Calgary	CA	卡尔加里
kaifeng	kf	Kaifeng	CN	开封
kailuo	kl	Cairo	EG	开罗
kaipudun	kpd	Cape Town	ZA	開普敦
kaisaili	ksl	Kayseri	TR	開塞利
kajiayandeaoluo	kjydal	Cagayan de Oro	PH	卡加延德奥罗
kakameijia	kkmj	Kakamega	KE	卡卡梅加
kalaji	klj	Karaj	IR	卡拉季
kalakasi	klks	Caracas	VE	卡拉卡斯
kalaqi	klq	Karachi	PK	卡拉奇
kali	kl	Cali	CO	卡利
kananjia	knj	Kananga	CD	卡南加
kankun	kk	Cancún	MX	坎昆
kanpala	kpl	Kampala	UG	坎帕拉
kanpinasi	kpns	Campinas	BR	坎皮纳斯
kanuo	kn	Kano	NG	卡諾
kaqina	kqn	Katsina	NG	卡齐纳
kasabulanka	ksblk	Casablanca	MA	卡萨布兰卡
kashan	ks	Kazan	RU	喀山
katahena	kthn	Cartagena	CO	卡塔赫纳
katumu	ktm	Khartoum	SD	喀土穆
kaxiyasigongjuecheng	kxysgjc	Duque de Caxias	BR	卡希亞斯公爵城
kayae	kye	Callao	PE	卡亞俄
keerduowa	kedw	Córdoba	AR	科尔多瓦
keermanshahe	kemsh	Kermanshah	IR	克尔曼沙赫
kelakefu	klkf	Kraków	PL	克拉科夫
kelasinuodaer	klsnde	Krasnodar	RU	克拉斯诺达尔
keleitaluo	kltl	Santiago de Querétaro	MX	克雷塔罗
keleiweilige	klwlg	Kryvyy Rih	UA	克雷维里格
kelong	kl	Köln	DE	科隆
kelunpo	klp	Colombo	LK	可倫坡
kenakeli	knkl	Conakry	GN	科納克里
keniya	kny	Konya	TR	科尼亞
keqiabanba	kqbb	Cochabamba	BO	科恰班巴
keta	kt	Kota	IN	科塔
ketake	ktk	Cuttack	IN	克塔克
ketuonu	ktn	Cotonou	BJ	科托努
kezhi	kz	Kochi	IN	柯枝
kongtaren	ktr	Contagem	BR	孔塔任
kuernashi	kens	Khulna	BD	库尔纳市
kuida	kd	Quetta	PK	奎達
kuisongshi	kss	Quezon City	PH	奎松市
kukuta	kkt	Cúcuta	CO	库库塔
kuliqiba	klqb	Curitiba	BR	庫里奇巴
kuliyakan	klyk	Culiacán	MX	库利亚坎
kumaxi	kmx	Kumasi	GH	库马西
kumu	km	Qom	IR	库姆
kundian	kd	Pontianak	ID	坤甸
kunka	kk	Cuenca	EC	昆卡
kunming	km	Kunming	CN	昆明
kuyaba	kyb	Cuiabá	BR	库亚巴
labasi	lbs	La Paz	BO	拉巴斯
labate	lbt	Rabat	MA	拉巴特
lagesi	lgs	Lagos	NG	拉哥斯
laheer	lhe	Lahore	PK	拉合尔
laibin	lb	Laibin	CN	来宾
laibuer	lbe	Raipur	IN	賴布爾
laiwushi	lws	Laiwu	CN	莱芜市
langbuershi	lbes	Rangpur	BD	朗布尔市
langfang	lf	Langfang	CN	廊坊
lanqi	lq	Ranchi	IN	蘭契
lanzhou	lz	Lanzhou	CN	兰州
lasa	ls	Lhasa	CN	拉萨
lashente	lst	Rasht	IR	拉什特
lasiweijiasi	lswjs	Las Vegas	US	拉斯维加斯
latajiya	ltjy	Latakia	SY	拉塔基亚
lawaerpindi	lwepd	Rawalpindi	PK	拉瓦尔品第
leikenao	lkn	Lucknow	IN	勒克瑙
leixifei	lxf	Recife	BR	累西腓
leshan	ls	Leshan	CN	乐山
lianjiang	lj	Lianjiang	CN	廉江
lianyungangshi	lygs	Lianyungang	CN	连云港市
liaocheng	lc	Liaocheng	CN	聊城
liaoyangshi	lys	Liaoyang	CN	辽阳市
libeilangpuleitu	lblplt	Ribeirão Preto	BR	里貝朗普雷圖
liboweier	lbwe	Libreville	GA	利伯维尔
lijia	lj	Riga	LV	里加
likaxi	lkx	Likasi	CD	利卡西
lilonggui	llg	Lilongwe	MW	利隆圭
lima	lm	Lima	PE	利馬
linfen	lf	Linfen	CN	临汾
linyi	ly	Linyi	CN	临沂
liuan	la	Lu’an	CN	六安
liupanshuishi	lpss	Liupanshui	CN	六盘水市
liuyang	ly	Guankou	CN	浏阳
liuzhou	lz	Liuzhou	CN	柳州
liwofu	lwf	Lviv	UA	利沃夫
liyade	lyd	Riyadh	SA	利雅德
liyuereneilu	lyrnl	Rio de Janeiro	BR	里约热内卢
longyan	ly	Longyan	CN	龙岩
luancheng	lc	Luancheng	CN	栾城
lubange	lbg	Lubango	AO	盧班戈
lubenbaxi	lbbx	Lubumbashi	CD	盧本巴希
ludiyana	ldyn	Ludhiana	IN	卢迪亚纳
luerdaoshi	leds	Kagoshima	JP	鹿儿岛市
luliangshi	lls	Lüliang	CN	吕梁市
lundun	ld	London	GB	倫敦
luoanda	lad	Luanda	AO	罗安达
luohe	lh	Luohe	CN	漯河
luomashi	lms	Rome	IT	罗马市
luomei	lm	Lomé	TG	洛美
luosaliao	lsla	Rosario	AR	罗萨里奥
luoshanji	lsj	Los Angeles	US	洛杉矶
luoyang	ly	Luoyang	CN	洛阳
luozi	lz	Łódź	PL	罗兹
lushaka	lsk	Lusaka	ZM	路沙卡
lutedan	ltd	Rotterdam	NL	鹿特丹
luyiweier	lywe	Louisville	US	路易維爾
luzhou	lz	Luzhou	CN	泸州
maanshan	mas	Ma’anshan	CN	马鞍山
madeli	mdl	Madrid	ES	马德里
madepulata	mdplt	Mar del Plata	AR	马德普拉塔
madulai	mdl	Madurai	IN	马杜赖
maidelin	mdl	Medellín	CO	麦德林
maidena	mdn	Madinah	SA	麦地那
maiduguli	mdgl	Maiduguri	NG	邁杜古里
maijia	mj	Makkah	SA	麥加
maisuoer	mse	Mysuru	IN	迈索尔
maladiya	mldy	Malatya	TR	馬拉蒂亞
malajia	mlj	Málaga	ES	马拉加
malakaibo	mlkb	Maracaibo	VE	马拉开波
malakashen	mlks	Marrakesh	MA	马拉喀什
malang	ml	Malang	ID	瑪琅
managua	mng	Managua	NI	馬納瓜
manaosi	mns	Manaus	BR	马瑙斯
mandelei	mdl	Mandalay	MM	曼德勒
mangu	mg	Bangkok	TH	曼谷
manhadun	mhd	Manhattan	US	曼哈顿
manila	mnl	Manila	PH	马尼拉
maoming	mm	Maoming	CN	茂名
maowu	mw	Bogor	ID	茂物
maputuo	mpt	Maputo	MZ	马普托
masai	ms	Marseille	FR	马赛
masaiyue	msy	Maceió	BR	马塞约
mashenhade	mshd	Mashhad	IR	馬什哈德
masikate	mskt	Muscat	OM	马斯喀特
matulin	mtl	Maturín	VE	馬圖林
meilida	mld	Mérida	MX	梅里达
meishan	ms	Meishan	CN	眉山
meizhou	mz	Meizhou	CN	梅州
mengbasa	mbs	Mombasa	KE	蒙巴萨
mengfeisi	mfs	Memphis	US	孟菲斯
mengluoweiya	mlwy	Monrovia	LR	蒙罗维亚
mengmai	mm	Mumbai	IN	孟买
mengtelei	mtl	Monterrey	MX	蒙特雷
mengtelier	mtle	Montréal	CA	蒙特利尔
mengteweiduo	mtwd	Montevideo	UY	蒙特維多
mengzishi	mzs	Mengzi	CN	蒙自市
mianlan	ml	Medan	ID	棉蘭
mianyang	my	Mianyang	CN	绵阳
milan	ml	Milan	IT	米蘭
milate	mlt	Meerut	IN	密拉特
mingguwushi	mgws	Nagoya	JP	名古屋市
mingsike	msk	Minsk	BY	明斯克
minxing	mx	Minhang	CN	闵行
mixishajia	mxsj	Mississauga	CA	密西沙加
moerben	meb	Melbourne	AU	墨尔本
mojiadixiu	mjdx	Mogadishu	SO	摩加迪休
moleiliya	mlly	Morelia	MX	莫雷利亚
mosike	msk	Moscow	RU	莫斯科
mosuer	mse	Mosul	IQ	摩苏尔
moxigecheng	mxgc	Mexico City	MX	墨西哥城
moxikali	mxkl	Mexicali	MX	墨西卡利
mubujimayi	mbjmy	Mbuji-Mayi	CD	姆布吉马伊
mudanjiang	mdj	Mudanjiang	CN	牡丹江
muertan	met	Multan	PK	木爾坦
munihei	mnh	Munich	DE	慕尼黑
muwanzha	mwz	Mwanza	TZ	姆万扎
nabuleisi	nbls	Naples	IT	那不勒斯
nagepuer	ngpe	Nagpur	IN	那格浦尔
nailuobi	nlb	Nairobi	KE	奈洛比
najiafugaer	njfge	Najafgarh	IN	納嘉夫嘎爾
namangan	nmg	Namangan	UZ	納曼干
nanchang	nc	Nanchang	CN	南昌
nanchong	nc	Nanchong	CN	南充
nangandao	ngd	Xinxiang	CN	南干道
nanhai	nh	Nanhai	CN	南海
nanjing	nj	Nanjing	CN	南京
nanning	nn	Nanning	CN	南宁
nanpula	npl	Nampula	MZ	楠普拉
nantong	nt	Nantong	CN	南通
nanyang	ny	Nanyang	CN	南阳
naokaerpan	nkep	Naucalpan de Juárez	MX	瑙卡尔潘
nashenweier	nswe	Nashville	US	纳什维尔
naxike	nxk	Nashik	IN	纳西克
neijiang	nj	Neijiang	CN	内江
niebocheng	nbc	Dnipro	UA	聶伯城
ningbo	nb	Ningbo	CN	宁波
niuyue	ny	New York	US	紐約
niyamei	nym	Niamey	NE	尼亞美
nuwakexiaote	nwkxt	Nouakchott	MR	努瓦克肖特
panjinshi	pjs	Panjin	CN	盘锦市
panzhihua	pzh	Panzhihua	CN	攀枝花
peisi	ps	Pest	HU	佩斯
pijin	pj	Pikine	SN	皮金
pingdingshanshi	pdss	Pingdingshan	CN	平顶山市
pingrang	pr	Pyongyang	KP	平壤
pingxiang	px	Pingxiang	CN	萍乡
piwendi	pwd	Bhiwandi	IN	皮文迪
piwula	pwl	Piura	PE	皮乌拉
posi	ps	Perth	AU	珀斯
puaibula	pabl	Puebla	MX	普埃布拉
pudong	pd	Pudong	CN	浦东
puna	pn	Pune	IN	浦那
puning	pn	Puning	CN	普宁
putianshi	pts	Putian	CN	莆田市
putuo	pt	Putuo	CN	普陀
puxi	px	Puxi	CN	浦西
puyang	py	Puyang	CN	浦阳
puyang	py	Puyang	CN	濮阳
qianyeshi	qys	Chiba	JP	千葉市
qiaosi	qs	Jos	NG	乔斯
qikapa	qkp	Tshikapa	CD	奇卡帕
qikelayue	qkly	Chiclayo	PE	奇克拉约
qimukente	qmkt	Shymkent	KZ	奇姆肯特
qingdao	qd	Qingdao	CN	青岛
qinghuashi	qhs	Thanh Hóa	VN	清化市
qingpu	qp	Qingpu	CN	青浦
qingyang	qy	Qingyang	CN	庆阳
qingyuan	qy	Qingyuan	CN	清远
qinhuangdao	qhd	Qinhuangdao	CN	秦皇岛
qinjushi	qjs	Cần Thơ	VN	芹苴市
qinzhou	qz	Qinzhou	CN	钦州
qiqihaer	qqhe	Qiqihar	CN	齐齐哈尔
qiuming	qm	Tyumen	RU	秋明
qiwawashi	qwws	Chihuahua	MX	奇瓦瓦市
quanzhou	qz	Quanzhou	CN	泉州
quanzhoushi	qzs	Jeonju	KR	全州市
qujingshi	qjs	Qujing	CN	曲靖市
quzhoushi	qzs	Quzhou	CN	衢州市
reboatao	rbat	Jaboatão dos Guararapes	BR	熱博阿陶
renchuanguangyushi	rcgys	Incheon	KR	仁川广域市
rizhao	rz	Rizhao	CN	日照
rongshi	rs	Vinh	VN	荣市
ruian	ra	Rui’an	CN	瑞安
ruoangpeisuoa	rapsa	João Pessoa	BR	若昂佩索阿
ruoyinweilai	rywl	Joinville	BR	若茵维莱
sabopan	sbp	Zapopan	MX	萨波潘
saerdiyue	sedy	Saltillo	MX	萨尔蒂约
saerwaduo	sewd	Salvador	BR	萨尔瓦多
sageda	sgd	Sargodha	PK	萨戈达
sageleibu	sglb	Zagreb	HR	萨格勒布
saidegang	sdg	Port Said	EG	塞德港
sailayefu	slyf	Sarajevo	BA	塞拉耶佛
saileimu	slm	Salem	IN	塞勒姆
saiweiliya	swly	Sevilla	ES	塞维利亚
salagesa	slgs	Zaragoza	ES	萨拉戈萨
salatuofu	sltf	Saratov	RU	薩拉托夫
samaerhan	smeh	Samarkand	UZ	撒马尔罕
samala	sml	Samara	RU	薩馬拉
sana	sn	Sanaa	YE	萨那
sanbaolong	sbl	Semarang	ID	三寶瓏
sanbaoyan	sby	Zamboanga	PH	三宝颜
sanggeibaershi	sgbes	Zanzibar	TZ	桑给巴尔市
sanhe	sh	Sanhe	CN	三河
sanmenxia	smx	Sanmenxia	CN	三门峡
sanming	sm	Sanming	CN	三明
santousijiangjunshi	stsjjs	General Santos	PH	三投斯將軍市
sanya	sy	Sanya	CN	三亚
shaanan	san	Shah Alam	MY	莎阿南
shamalinda	smld	Samarinda	ID	沙馬林達
shamenshi	sms	Xiamen	CN	厦门市
shanghai	sh	Shanghai	CN	上海
shangqiushi	sqs	Shangqiu	CN	商丘市
shangrao	sr	Shangrao	CN	上饶
shangyu	sy	Shangyu	CN	上虞
shantou	st	Shantou	CN	汕头
shaoguanshi	sgs	Shaoguan	CN	韶关市
shaoxing	sx	Shaoxing	CN	绍兴
shaoyangshi	sys	Shaoyang	CN	邵阳市
shelazi	slz	Shiraz	IR	設拉子
shengandongniao	sadna	San Antonio	US	圣安东尼奥
shengbaoluo	sbl	São Paulo	BR	圣保罗
shengbidebao	sbdb	Saint Petersburg	RU	圣彼得堡
shengdeyage	sdyg	San Diego	US	聖地牙哥
shengdeyage	sdyg	Santiago	CL	圣地亚哥
shengdeyage	sdyg	Santiago de los Caballeros	DO	聖地牙哥
shengduomingge	sdmg	Santo Domingo	DO	聖多明哥
shenghexi	shx	San Jose	US	聖荷西
shengluyisi	slys	São Luís	BR	圣路易斯
shengluyisibotuoxishi	slysbtxs	San Luis Potosí	MX	圣路易斯波托西市
shengpeideluosula	spdlsl	San Pedro Sula	HN	圣佩德罗苏拉
shengruozeduosikanbosi	srzdskbs	São José dos Campos	BR	聖若澤多斯坎波斯
shenhushi	shs	Kobe	JP	神户市
shenyang	sy	Shenyang	CN	沈阳
shenzhen	sz	Shenzhen	CN	深圳
shijiazhuang	sjz	Shijiazhuang	CN	石家庄
shiyan	sy	Shiyan	CN	十堰
shizuishanshi	szss	Shizuishan	CN	石嘴山市
shouer	se	Seoul	KR	首尔
shuangyashan	sys	Shuangyashan	CN	双鸭山
shubangzaiye	sbzy	Subang Jaya	MY	梳邦再也
shuiyuanshi	sys	Suwon	KR	水原市
shunhua	sh	Huế	VN	順化
sidegeermo	sdgem	Stockholm	SE	斯德哥尔摩
silinajia	slnj	Srinagar	IN	斯利那加
sipingshi	sps	Siping	CN	四平市
sishui	ss	Surabaya	ID	泗水
situjiate	stjt	Stuttgart	DE	斯图加特
songjiang	sj	Songjiang	CN	松江
suining	sn	Suining	CN	遂宁
suizhoushi	szs	Suizhou	CN	随州市
sulate	slt	Surat	IN	苏拉特
suofeiya	sfy	Sofia	BG	索菲亞
suoketuo	skt	Sokoto	NG	索科托
suoluokaba	slkb	Sorocaba	BR	索羅卡巴
suoweituo	swt	Soweto	ZA	索韦托
suqianshi	sqs	Suqian	CN	宿迁市
suyishi	sys	Suez	EG	苏伊士
suzhou	sz	Suzhou	CN	苏州
suzhoushi	szs	Suzhou	CN	宿州市
tabuke	tbk	Tabuk	SA	塔布克
taianshi	tas	Tai’an	CN	泰安市
taibeishi	tbs	Taipei	TW	台北市
taicang	tc	Taicang	CN	太仓
tainanshi	tns	Tainan	TW	臺南市
taiyuan	ty	Taiyuan	CN	太原
taizhongshi	tzs	Taichung	TW	臺中市
taizhou	tz	Taizhou	CN	台州
taizhoushi	tzs	Taizhou	CN	泰州市
taizigang	tzg	Port-au-Prince	HT	太子港
tana	tn	Thāne	IN	塔那
tananalifu	tnnlf	Antananarivo	MG	塔那那利佛
tangelang	tgl	Tangerang	ID	坦格朗
tangshan	ts	Tangshan	CN	唐山
tanjiya	tjy	Tangier	MA	坦幾亞
taoliyadi	tlyd	Tolyatti	RU	陶里亚蒂
tashengan	tsg	Tashkent	UZ	塔什干
tayifu	tyf	Ta’if	SA	塔伊夫
telaerneipantela	tlenptl	Tlalnepantla	MX	特拉尔内潘特拉
telakepake	tlkpk	Tlaquepaque	MX	特拉克帕克
teleixina	tlxn	Teresina	BR	特雷西納
telifandelang	tlfdl	Thiruvananthapuram	IN	特里凡得琅
teluxilue	tlxl	Trujillo	PE	特鲁希略
tengzhou	tz	Chengtangcun	CN	滕州
tiananshi	tas	Cheonan	KR	天安市
tianjin	tj	Tianjin	CN	天津
tianshui	ts	Tianshui	CN	天水
tuba	tb	Touba	SN	圖巴
tunisi	tns	Tunis	TN	突尼斯
tuoleiweng	tlw	Torreón	MX	托雷翁
tusitelagutieleisi	tstlgtls	Tuxtla	MX	图斯特拉古铁雷斯
wahelan	whl	Oran	DZ	瓦赫蘭
wajiadugu	wjdg	Ouagadougou	BF	瓦加杜古
walanaxi	wlnx	Varanasi	IN	瓦臘納西
walangjiaer	wlje	Warangal	IN	瓦朗加尔
wali	wl	Warri	NG	瓦里
wanbo	wb	Huambo	AO	万博
wanlong	wl	Bandung	ID	万隆
wanzhou	wz	Wanxian	CN	万州
wanzhouqu	wzq	Wanzhou	CN	万州区
weifang	wf	Weifang	CN	潍坊
weihai	wh	Weihai	CN	威海
weijieyawada	wjywd	Vijayawada	IN	维杰亚瓦达
weinan	wn	Weinan	CN	渭南
weishakapatenan	wskptn	Visakhapatnam	IN	维沙卡帕特南
weishan	ws	Ulsan	KR	蔚山
weiyena	wyn	Vienna	AT	維也納
wengehua	wgh	Vancouver	CA	溫哥華
wennibo	wnb	Winnipeg	CA	温尼伯
wenzhoushi	wzs	Wenzhou	CN	温州市
wosibao	wsb	Fort Worth	US	沃思堡
wotaihua	wth	Ottawa	CA	渥太華
wubeilandiya	wbldy	Uberlândia	BR	烏貝蘭迪亞
wuchuan	wc	Wuchuan	CN	吴川
wufa	wf	Ufa	RU	烏法
wuhan	wh	Wuhan	CN	武汉
wuhu	wh	Wuhu	CN	芜湖
wujiasi	wjs	Bekasi	ID	勿加泗
wulanbatuo	wlbt	Ulan Bator	MN	乌兰巴托
wuliyangnuofusike	wlynfsk	Ulyanovsk	RU	乌里扬诺夫斯克
wulumuqi	wlmq	Ürümqi	CN	乌鲁木齐
wuwei	ww	Wuwei	CN	武威
wuxi	wx	Wuxi	CN	无锡
wuzhong	wz	Wuzhong	CN	吴忠
wuzhoushi	wzs	Wuzhou	CN	梧州市
xiaerjia	xej	Sharjah	AE	夏尔迦
xialuote	xlt	Charlotte	US	夏洛特
xian	xa	Xi’an	CN	西安
xiangang	xg	Da Nang	VN	峴港
xianggang	xg	Hong Kong	HK	香港
xianggangdao	xgd	Hong Kong Island	HK	香港岛
xiangtanshi	xts	Xiangtan	CN	湘潭市
xiangyang	xy	Xiangyang	CN	襄阳
xianyang	xy	Xianyang	CN	咸阳
xiaoganshi	xgs	Xiaogan	CN	孝感市
xiehubuer	xhbe	Shekhupura	PK	謝胡布爾
xinbei	xb	New Taipei City	TW	新北
xingtai	xt	Xingtai	CN	邢台
xini	xn	Sydney	AU	悉尼
xining	xn	Xining	CN	西宁
xinjiapo	xjp	Singapore	SG	新加坡
xinjie	xj	New Territories	HK	新界
xinmengmai	xmm	Navi Mumbai	IN	新孟買
xinshan	xs	Johor Bahru	MY	新山
xinxiboliya	xxbly	Novosibirsk	RU	新西伯利亚
xinyangshi	xys	Xinyang	CN	信阳市
xinyi	xy	Xinyi	CN	信宜
xinyiguasu	xygs	Nova Iguaçu	BR	新伊瓜蘇
xinyu	xy	Xinyu	CN	新余
xiongbenshi	xbs	Kumamoto	JP	熊本市
xiusidun	xsd	Houston	US	休斯敦
xiyaerkete	xyekt	Sialkot	PK	锡亚尔科特
xiyatu	xyt	Seattle	US	西雅圖
xuanchengshi	xcs	Xuancheng	CN	宣城市
xuhui	xh	Xuhui	CN	徐汇
xuzhoushi	xzs	Xuzhou	CN	徐州市
yaanshi	yas	Ya'an	CN	雅安市
yadian	yd	Athens	GR	雅典
yading	yd	Aden	YE	亚丁
yajiada	yjd	Jakarta	ID	雅加达
yalishanzhuo	ylsz	Alexandria	EG	亞歷山卓
yaluosilafuer	ylslfe	Yaroslavl	RU	雅罗斯拉夫尔
yancheng	yc	Yancheng	CN	盐城
yangguang	yg	Yangon	MM	仰光
yangjiang	yj	Yangjiang	CN	阳江
yangpu	yp	Yangpu	CN	杨浦
yangquanshi	yqs	Yangquan	CN	阳泉市
yangzhou	yz	Yangzhou	CN	扬州
yanjiang	yj	Ziyang	CN	雁江
yantai	yt	Yantai	CN	烟台
yasongsen	yss	Asunción	PY	亞松森
yawende	ywd	Yaoundé	CM	雅温得
yekajielinbao	ykjlb	Yekaterinburg	RU	葉卡捷琳堡
yeliwen	ylw	Yerevan	AM	葉里溫
yelusaleng	ylsl	Jerusalem	IL	耶路撒冷
yibadan	ybd	Ibadan	NG	伊巴丹
yibao	yb	Ipoh	MY	怡保
yibin	yb	Yibin	CN	宜宾
yibo	yb	Ibb	YE	伊卜
yichangshi	ycs	Yichang	CN	宜昌市
yicheng	yc	Yixing	CN	宜城
yichun	yc	Yichun	CN	宜春
yierkucike	yekck	Irkutsk	RU	伊爾庫茨克
yilishabaigang	ylsbg	Gqeberha	ZA	伊莉莎白港
yiluolin	yll	Ilorin	NG	伊洛林
yinchuan	yc	Yinchuan	CN	银川
yindiannabolisi	ydanbls	Indianapolis	US	印第安納波利斯
yinduoer	yde	Indore	IN	印多尔
yingkoushi	yks	Yingkou	CN	营口市
yirefusike	yrfsk	Izhevsk	RU	伊熱夫斯克
yisifahan	ysfh	Isfahan	IR	伊斯法罕
yisilanbao	yslb	Islamabad	PK	伊斯兰堡
yisitanbuer	ystbe	Istanbul	TR	伊斯坦布尔
yisitapalapa	ystplp	Iztapalapa	MX	伊斯塔帕拉帕
yiwadun	ywd	Evaton	ZA	伊瓦顿
yiwu	yw	Yiwu	CN	义乌
yizimier	yzme	İzmir	TR	伊兹密尔
yongzhen	yz	Vientiane	LA	永珍
yongzhou	yz	Yongzhou	CN	永州
yuehanneisibao	yhnsb	Johannesburg	ZA	约翰内斯堡
yueyangshi	yys	Yueyang	CN	岳阳市
yulin	yl	Yulin	CN	玉林
yuncheng	yc	Yuncheng	CN	运城
yunfu	yf	Yunfu	CN	云浮
yushan	ys	Kunshan	CN	玉山
zaozhuangshi	zzs	Zaozhuang	CN	枣庄市
zhabei	zb	Zhabei	CN	闸北
zhabolirizha	zblrz	Zaporizhzhya	UA	扎波里日扎
zhaerka	zek	Zarqa	JO	扎尔卡
zhahuangshi	zhs	Sapporo	JP	札幌市
zhaipuer	zpe	Jaipur	IN	齋浦爾
zhaliya	zly	Zaria	NG	扎里亚
zhangchun	zc	Changchun	CN	长春
zhangjiagang	zjg	Zhangjiagang	CN	张家港
zhangjiakou	zjk	Zhangjiakou	CN	张家口
zhangning	zn	Changning	CN	长宁
zhangsadeer	zsde	Jhang Sadr	PK	章萨德尔
zhangsha	zs	Changsha	CN	长沙
zhangsha	zs	Changsha	CN	长沙
zhangzhi	zz	Changzhi	CN	长治
zhangzhoushi	zzs	Zhangzhou	CN	漳州市
zhanjiang	zj	Zhanjiang	CN	湛江
zhaoqingshi	zqs	Zhaoqing	CN	肇庆市
zhaotongshi	zts	Zhaotong	CN	昭通市
zhengzhou	zz	Zhengzhou	CN	郑州
zhenjiang	zj	Zhenjiang	CN	镇江
zhijiage	zjg	Chicago	US	芝加哥
zhongshan	zs	Zhongshan	CN	中山
zhongwei	zw	Zhongwei	CN	中卫
zhoushan	zs	Zhoushan	CN	舟山
zhuhai	zh	Zhuhai	CN	珠海
zhumadian	zmd	Zhumadian	CN	驻马店
zhuzhou	zz	Zhuzhou	CN	株洲
zibo	zb	Zibo	CN	淄博
zigong	zg	Zigong	CN	自贡
ziyoushi	zys	Freetown	SL	自由市
zouchengshi	zcs	Zoucheng	CN	邹城市
zunyi	zy	Zunyi	CN	遵义
